DROP TABLE IF EXISTS "lesson";

INSERT INTO lesson (lesson_id,instructor_id,student_max,address,date)
VALUES
  (1,1,30,24,'Apr 4, 2024 16:00'),
  (2,5,30,26,'Dec 23, 2023 16:00'),
  (3,25,1,1,'Mar 5, 2024 15:00'),
  (4,17,1,1,'May 10, 2023 15:00'),
  (5,9,30,12,'Mar 4, 2024 16:00'),
  (6,23,30,22,'Sep 9, 2024 16:00'),
  (7,4,30,24,'Feb 17, 2024 16:00'),
  (8,20,30,22,'Feb 10, 2024 16:00'),
  (9,29,30,17,'Aug 18, 2023 16:00'),
  (10,15,30,15,'Feb 19, 2023 16:00'),
  (11,6,30,12,'dec 7, 2023 16:45'),
  (12,2,30,26,'Mar 11, 2023 16:45'),
  (13,7,30,24,'May 19, 2023 16:00'),
  (14,8,30,8,'Nov 5, 2023 16:00'),
  (15,26,30,3,'Nov 30, 2024 16:00'),
  (16,2,1,1,'Nov 27, 2024 15:00'),
  (17,4,30,19,'Nov 14, 2023 16:45'),
  (18,3,30,20,'Feb 26, 2024 16:00'),
  (19,25,30,18,'Aug 16, 2024 16:00'),
  (20,12,30,13,'Dec 16, 2022 16:00'),
  (21,23,30,27,'Oct 8, 2024 16:45'),
  (22,6,30,3,'Sep 13, 2023 16:00'),
  (23,22,30,10,'Jul 18, 2023 16:00'),
  (24,17,30,9,'Jan 4, 2024 16:00'),
  (25,28,30,27,'Jan 3, 2024 16:45'),
  (26,2,30,12,'Jun 22, 2024 16:00'),
  (27,3,1,1,'Jan 30, 2023 15:00'),
  (28,26,30,9,'Feb 26, 2024 16:45'),
  (29,19,1,1,'May 20, 2023 15:00'),
  (30,18,30,21,'May 4, 2023 16:45');

INSERT INTO ensemble (lesson_id,genre,student_num)
VALUES
  (11,1,17),
  (12,2,29),
  (17,1,27),
  (21,3,26),
  (25,1,20),
  (28,0,25),
  (30,2,27);

INSERT INTO group_lesson (lesson_id,student_num,level)
VALUES
  (1,30,2),
  (2,22,0),
  (5,25,2),
  (6,20,1),
  (7,23,1),
  (8,29,2),
  (9,19,2),
  (10,27,1),
  (13,30,1),
  (14,19,2),
  (15,28,1),
  (18,24,1),
  (19,27,1),
  (20,29,1),
  (22,20,2),
  (23,22,1),
  (24,23,0),
  (26,26,1);

INSERT INTO individual_lesson (lesson_id,level,student_id)
VALUES
  (3,1,5),
  (4,1,21),
  (16,0,19),
  (27,2,13),
  (29,2,20);
